Country,Year,Population
Afghanistan,2000,20.13
Afghanistan,2001,20.28
Afghanistan,2002,21.38
Afghanistan,2003,22.73
Afghanistan,2004,23.56
Afghanistan,2005,24.4
Afghanistan,2006,25.42
Afghanistan,2007,25.91
Afghanistan,2008,26.48
Afghanistan,2009,27.47
Afghanistan,2010,28.28
Afghanistan,2011,29.35
Afghanistan,2012,30.56
Afghanistan,2013,31.62
Afghanistan,2014,32.79
Afghanistan,2015,33.83
Albania,2000,3.09
Albania,2001,3.06
Albania,2002,3.05
Albania,2003,3.04
Albania,2004,3.03
Albania,2005,3.01
Albania,2006,2.99
Albania,2007,2.97
Albania,2008,2.95
Albania,2009,2.93
Albania,2010,2.91
Albania,2011,2.91
Albania,2012,2.9
Albania,2013,2.9
Albania,2014,2.89
Albania,2015,2.88
Algeria,2000,30.9
Algeria,2001,31.33
Algeria,2002,31.75
Algeria,2003,32.18
Algeria,2004,32.63
Algeria,2005,33.11
Algeria,2006,33.62
Algeria,2007,34.19
Algeria,2008,34.82
Algeria,2009,35.49
Algeria,2010,36.19
Algeria,2011,36.9
Algeria,2012,37.65
Algeria,2013,38.41
Algeria,2014,39.21
Algeria,2015,40.02
Angola,2000,16.19
Angola,2001,16.75
Angola,2002,17.33
Angola,2003,17.94
Angola,2004,18.6
Angola,2005,19.29
Angola,2006,20.02
Angola,2007,20.78
Angola,2008,21.58
Angola,2009,22.41
Angola,2010,23.29
Angola,2011,24.22
Angola,2012,25.18
Angola,2013,26.17
Angola,2014,27.16
Angola,2015,28.16
Antigua and Barbuda,2000,0.07
Antigua and Barbuda,2001,0.08
Antigua and Barbuda,2002,0.08
Antigua and Barbuda,2003,0.08
Antigua and Barbuda,2004,0.08
Antigua and Barbuda,2005,0.08
Antigua and Barbuda,2006,0.08
Antigua and Barbuda,2007,0.08
Antigua and Barbuda,2008,0.08
Antigua and Barbuda,2009,0.08
Antigua and Barbuda,2010,0.09
Antigua and Barbuda,2011,0.09
Antigua and Barbuda,2012,0.09
Antigua and Barbuda,2013,0.09
Antigua and Barbuda,2014,0.09
Antigua and Barbuda,2015,0.09
Argentina,2000,37.21
Argentina,2001,37.62
Argentina,2002,38.03
Argentina,2003,38.42
Argentina,2004,38.82
Argentina,2005,39.22
Argentina,2006,39.62
Argentina,2007,40.02
Argentina,2008,40.42
Argentina,2009,40.85
Argentina,2010,41.29
Argentina,2011,41.73
Argentina,2012,42.16
Argentina,2013,42.58
Argentina,2014,43.02
Argentina,2015,43.48
Armenia,2000,3.22
Armenia,2001,3.21
Armenia,2002,3.2
Armenia,2003,3.18
Armenia,2004,3.16
Armenia,2005,3.15
Armenia,2006,3.13
Armenia,2007,3.11
Armenia,2008,3.09
Armenia,2009,3.07
Armenia,2010,3.04
Armenia,2011,3.03
Armenia,2012,3.02
Armenia,2013,3.02
Armenia,2014,3.01
Armenia,2015,3.0
Australia,2000,19.03
Australia,2001,19.27
Australia,2002,19.5
Australia,2003,19.72
Australia,2004,19.93
Australia,2005,20.18
Australia,2006,20.45
Australia,2007,20.83
Australia,2008,21.25
Australia,2009,21.69
Australia,2010,22.03
Australia,2011,22.34
Australia,2012,22.73
Australia,2013,23.13
Australia,2014,23.48
Australia,2015,23.82
Austria,2000,8.01
Austria,2001,8.04
Austria,2002,8.08
Austria,2003,8.12
Austria,2004,8.17
Austria,2005,8.23
Austria,2006,8.27
Austria,2007,8.3
Austria,2008,8.32
Austria,2009,8.34
Austria,2010,8.36
Austria,2011,8.39
Austria,2012,8.43
Austria,2013,8.48
Austria,2014,8.55
Austria,2015,8.64
Azerbaijan,2000,8.05
Azerbaijan,2001,8.11
Azerbaijan,2002,8.17
Azerbaijan,2003,8.23
Azerbaijan,2004,8.31
Azerbaijan,2005,8.39
Azerbaijan,2006,8.48
Azerbaijan,2007,8.58
Azerbaijan,2008,8.76
Azerbaijan,2009,8.95
Azerbaijan,2010,9.05
Azerbaijan,2011,9.17
Azerbaijan,2012,9.3
Azerbaijan,2013,9.42
Azerbaijan,2014,9.54
Azerbaijan,2015,9.65
Bahamas,2000,0.32
Bahamas,2001,0.33
Bahamas,2002,0.33
Bahamas,2003,0.34
Bahamas,2004,0.34
Bahamas,2005,0.34
Bahamas,2006,0.35
Bahamas,2007,0.35
Bahamas,2008,0.36
Bahamas,2009,0.36
Bahamas,2010,0.37
Bahamas,2011,0.37
Bahamas,2012,0.38
Bahamas,2013,0.38
Bahamas,2014,0.38
Bahamas,2015,0.39
Bahrain,2000,0.64
Bahrain,2001,0.66
Bahrain,2002,0.71
Bahrain,2003,0.76
Bahrain,2004,0.82
Bahrain,2005,0.89
Bahrain,2006,0.96
Bahrain,2007,1.04
Bahrain,2008,1.1
Bahrain,2009,1.18
Bahrain,2010,1.23
Bahrain,2011,1.2
Bahrain,2012,1.21
Bahrain,2013,1.25
Bahrain,2014,1.31
Bahrain,2015,1.37
Bangladesh,2000,134.54
Bangladesh,2001,136.81
Bangladesh,2002,138.93
Bangladesh,2003,140.97
Bangladesh,2004,142.9
Bangladesh,2005,144.72
Bangladesh,2006,146.41
Bangladesh,2007,147.99
Bangladesh,2008,149.47
Bangladesh,2009,150.87
Bangladesh,2010,152.2
Bangladesh,2011,153.59
Bangladesh,2012,155.07
Bangladesh,2013,156.53
Bangladesh,2014,157.96
Bangladesh,2015,159.38
Barbados,2000,0.26
Barbados,2001,0.26
Barbados,2002,0.26
Barbados,2003,0.27
Barbados,2004,0.27
Barbados,2005,0.27
Barbados,2006,0.27
Barbados,2007,0.27
Barbados,2008,0.27
Barbados,2009,0.27
Barbados,2010,0.28
Barbados,2011,0.28
Barbados,2012,0.28
Barbados,2013,0.28
Barbados,2014,0.28
Barbados,2015,0.28
Belarus,2000,9.98
Belarus,2001,9.93
Belarus,2002,9.87
Belarus,2003,9.8
Belarus,2004,9.73
Belarus,2005,9.66
Belarus,2006,9.6
Belarus,2007,9.56
Belarus,2008,9.53
Belarus,2009,9.5
Belarus,2010,9.48
Belarus,2011,9.46
Belarus,2012,9.45
Belarus,2013,9.44
Belarus,2014,9.45
Belarus,2015,9.46
Belgium,2000,10.25
Belgium,2001,10.29
Belgium,2002,10.33
Belgium,2003,10.38
Belgium,2004,10.42
Belgium,2005,10.48
Belgium,2006,10.55
Belgium,2007,10.63
Belgium,2008,10.71
Belgium,2009,10.8
Belgium,2010,10.9
Belgium,2011,11.04
Belgium,2012,11.11
Belgium,2013,11.16
Belgium,2014,11.21
Belgium,2015,11.27
Belize,2000,0.24
Belize,2001,0.25
Belize,2002,0.26
Belize,2003,0.26
Belize,2004,0.27
Belize,2005,0.28
Belize,2006,0.29
Belize,2007,0.3
Belize,2008,0.3
Belize,2009,0.31
Belize,2010,0.32
Belize,2011,0.33
Belize,2012,0.33
Belize,2013,0.34
Belize,2014,0.35
Belize,2015,0.36
Benin,2000,7.22
Benin,2001,7.45
Benin,2002,7.68
Benin,2003,7.91
Benin,2004,8.16
Benin,2005,8.43
Benin,2006,8.69
Benin,2007,8.95
Benin,2008,9.23
Benin,2009,9.51
Benin,2010,9.8
Benin,2011,10.09
Benin,2012,10.4
Benin,2013,10.71
Benin,2014,11.03
Benin,2015,11.36
Bhutan,2000,0.6
Bhutan,2001,0.61
Bhutan,2002,0.62
Bhutan,2003,0.64
Bhutan,2004,0.65
Bhutan,2005,0.66
Bhutan,2006,0.67
Bhutan,2007,0.68
Bhutan,2008,0.69
Bhutan,2009,0.69
Bhutan,2010,0.7
Bhutan,2011,0.71
Bhutan,2012,0.72
Bhutan,2013,0.73
Bhutan,2014,0.73
Bhutan,2015,0.74
Bolivia (Plurinational State of),2000,8.61
Bolivia (Plurinational State of),2001,8.75
Bolivia (Plurinational State of),2002,8.9
Bolivia (Plurinational State of),2003,9.05
Bolivia (Plurinational State of),2004,9.2
Bolivia (Plurinational State of),2005,9.36
Bolivia (Plurinational State of),2006,9.52
Bolivia (Plurinational State of),2007,9.69
Bolivia (Plurinational State of),2008,9.85
Bolivia (Plurinational State of),2009,10.02
Bolivia (Plurinational State of),2010,10.18
Bolivia (Plurinational State of),2011,10.35
Bolivia (Plurinational State of),2012,10.52
Bolivia (Plurinational State of),2013,10.68
Bolivia (Plurinational State of),2014,10.85
Bolivia (Plurinational State of),2015,11.01
Bosnia and Herzegovina,2000,4.16
Bosnia and Herzegovina,2001,4.18
Bosnia and Herzegovina,2002,4.19
Bosnia and Herzegovina,2003,4.18
Bosnia and Herzegovina,2004,4.14
Bosnia and Herzegovina,2005,4.1
Bosnia and Herzegovina,2006,4.06
Bosnia and Herzegovina,2007,4.01
Bosnia and Herzegovina,2008,3.95
Bosnia and Herzegovina,2009,3.88
Bosnia and Herzegovina,2010,3.81
Bosnia and Herzegovina,2011,3.74
Bosnia and Herzegovina,2012,3.67
Bosnia and Herzegovina,2013,3.61
Bosnia and Herzegovina,2014,3.56
Bosnia and Herzegovina,2015,3.52
Botswana,2000,1.68
Botswana,2001,1.71
Botswana,2002,1.74
Botswana,2003,1.78
Botswana,2004,1.81
Botswana,2005,1.84
Botswana,2006,1.87
Botswana,2007,1.91
Botswana,2008,1.95
Botswana,2009,1.99
Botswana,2010,2.03
Botswana,2011,2.07
Botswana,2012,2.11
Botswana,2013,2.14
Botswana,2014,2.17
Botswana,2015,2.2
Brazil,2000,174.02
Brazil,2001,176.3
Brazil,2002,178.5
Brazil,2003,180.62
Brazil,2004,182.68
Brazil,2005,184.69
Brazil,2006,186.65
Brazil,2007,188.55
Brazil,2008,190.37
Brazil,2009,192.08
Brazil,2010,193.7
Brazil,2011,195.28
Brazil,2012,196.88
Brazil,2013,198.48
Brazil,2014,200.09
Brazil,2015,201.68
Brunei Darussalam,2000,0.33
Brunei Darussalam,2001,0.33
Brunei Darussalam,2002,0.34
Brunei Darussalam,2003,0.35
Brunei Darussalam,2004,0.35
Brunei Darussalam,2005,0.36
Brunei Darussalam,2006,0.36
Brunei Darussalam,2007,0.37
Brunei Darussalam,2008,0.38
Brunei Darussalam,2009,0.38
Brunei Darussalam,2010,0.39
Brunei Darussalam,2011,0.4
Brunei Darussalam,2012,0.41
Brunei Darussalam,2013,0.41
Brunei Darussalam,2014,0.42
Brunei Darussalam,2015,0.42
Bulgaria,2000,8.17
Bulgaria,2001,8.01
Bulgaria,2002,7.84
Bulgaria,2003,7.78
Bulgaria,2004,7.72
Bulgaria,2005,7.66
Bulgaria,2006,7.6
Bulgaria,2007,7.55
Bulgaria,2008,7.49
Bulgaria,2009,7.44
Bulgaria,2010,7.4
Bulgaria,2011,7.35
Bulgaria,2012,7.31
Bulgaria,2013,7.16
Bulgaria,2014,7.07
Bulgaria,2015,6.98
Burkina Faso,2000,11.93
Burkina Faso,2001,12.3
Burkina Faso,2002,12.68
Burkina Faso,2003,13.08
Burkina Faso,2004,13.5
Burkina Faso,2005,13.93
Burkina Faso,2006,14.37
Burkina Faso,2007,14.82
Burkina Faso,2008,15.26
Burkina Faso,2009,15.71
Burkina Faso,2010,16.18
Burkina Faso,2011,16.66
Burkina Faso,2012,17.17
Burkina Faso,2013,17.7
Burkina Faso,2014,18.23
Burkina Faso,2015,18.78
Burundi,2000,6.47
Burundi,2001,6.63
Burundi,2002,6.82
Burundi,2003,7.04
Burundi,2004,7.31
Burundi,2005,7.59
Burundi,2006,7.87
Burundi,2007,8.16
Burundi,2008,8.51
Burundi,2009,8.95
Burundi,2010,9.38
Burundi,2011,9.72
Burundi,2012,10.07
Burundi,2013,10.44
Burundi,2014,10.8
Burundi,2015,11.05
Cabo Verde,2000,0.45
Cabo Verde,2001,0.46
Cabo Verde,2002,0.47
Cabo Verde,2003,0.47
Cabo Verde,2004,0.48
Cabo Verde,2005,0.49
Cabo Verde,2006,0.49
Cabo Verde,2007,0.5
Cabo Verde,2008,0.5
Cabo Verde,2009,0.51
Cabo Verde,2010,0.51
Cabo Verde,2011,0.51
Cabo Verde,2012,0.51
Cabo Verde,2013,0.51
Cabo Verde,2014,0.51
Cabo Verde,2015,0.51
Cambodia,2000,12.46
Cambodia,2001,12.66
Cambodia,2002,12.86
Cambodia,2003,13.05
Cambodia,2004,13.24
Cambodia,2005,13.44
Cambodia,2006,13.64
Cambodia,2007,13.84
Cambodia,2008,14.05
Cambodia,2009,14.28
Cambodia,2010,14.5
Cambodia,2011,14.72
Cambodia,2012,14.95
Cambodia,2013,15.17
Cambodia,2014,15.4
Cambodia,2015,15.62
Cameroon,2000,14.91
Cameroon,2001,15.31
Cameroon,2002,15.73
Cameroon,2003,16.16
Cameroon,2004,16.61
Cameroon,2005,17.07
Cameroon,2006,17.55
Cameroon,2007,18.05
Cameroon,2008,18.57
Cameroon,2009,19.11
Cameroon,2010,19.67
Cameroon,2011,20.23
Cameroon,2012,20.81
Cameroon,2013,21.4
Cameroon,2014,22.06
Cameroon,2015,22.76
Canada,2000,30.69
Canada,2001,31.02
Canada,2002,31.36
Canada,2003,31.64
Canada,2004,31.94
Canada,2005,32.24
Canada,2006,32.57
Canada,2007,32.89
Canada,2008,33.25
Canada,2009,33.63
Canada,2010,34.01
Canada,2011,34.34
Canada,2012,34.71
Canada,2013,35.08
Canada,2014,35.43
Canada,2015,35.7
Central African Republic,2000,3.83
Central African Republic,2001,3.92
Central African Republic,2002,4.01
Central African Republic,2003,4.1
Central African Republic,2004,4.19
Central African Republic,2005,4.29
Central African Republic,2006,4.38
Central African Republic,2007,4.46
Central African Republic,2008,4.56
Central African Republic,2009,4.53
Central African Republic,2010,4.49
Central African Republic,2011,4.57
Central African Republic,2012,4.61
Central African Republic,2013,4.64
Central African Republic,2014,4.62
Central African Republic,2015,4.63
Chad,2000,8.51
Chad,2001,8.8
Chad,2002,9.12
Chad,2003,9.49
Chad,2004,9.92
Chad,2005,10.33
Chad,2006,10.71
Chad,2007,11.08
Chad,2008,11.48
Chad,2009,11.89
Chad,2010,12.31
Chad,2011,12.75
Chad,2012,13.21
Chad,2013,13.69
Chad,2014,14.19
Chad,2015,14.65
Chile,2000,15.5
Chile,2001,15.68
Chile,2002,15.86
Chile,2003,16.02
Chile,2004,16.19
Chile,2005,16.35
Chile,2006,16.51
Chile,2007,16.67
Chile,2008,16.84
Chile,2009,17.01
Chile,2010,17.18
Chile,2011,17.35
Chile,2012,17.52
Chile,2013,17.69
Chile,2014,17.86
Chile,2015,18.05
China,2000,1262.64
China,2001,1271.85
China,2002,1280.4
China,2003,1288.4
China,2004,1296.08
China,2005,1303.72
China,2006,1311.02
China,2007,1317.88
China,2008,1324.65
China,2009,1331.26
China,2010,1337.7
China,2011,1345.04
China,2012,1354.19
China,2013,1363.24
China,2014,1371.86
China,2015,1379.86
Colombia,2000,39.09
Colombia,2001,39.71
Colombia,2002,40.32
Colombia,2003,40.94
Colombia,2004,41.54
Colombia,2005,42.13
Colombia,2006,42.69
Colombia,2007,43.24
Colombia,2008,43.76
Colombia,2009,44.27
Colombia,2010,44.78
Colombia,2011,45.26
Colombia,2012,45.72
Colombia,2013,46.15
Colombia,2014,46.57
Colombia,2015,46.97
Comoros,2000,0.54
Comoros,2001,0.55
Comoros,2002,0.56
Comoros,2003,0.57
Comoros,2004,0.58
Comoros,2005,0.59
Comoros,2006,0.6
Comoros,2007,0.62
Comoros,2008,0.63
Comoros,2009,0.64
Comoros,2010,0.65
Comoros,2011,0.67
Comoros,2012,0.68
Comoros,2013,0.7
Comoros,2014,0.71
Comoros,2015,0.73
Congo,2000,3.15
Congo,2001,3.27
Congo,2002,3.35
Congo,2003,3.45
Congo,2004,3.57
Congo,2005,3.7
Congo,2006,3.84
Congo,2007,3.98
Congo,2008,4.11
Congo,2009,4.28
Congo,2010,4.46
Congo,2011,4.61
Congo,2012,4.74
Congo,2013,4.86
Congo,2014,4.98
Congo,2015,5.1
Costa Rica,2000,3.94
Costa Rica,2001,4.01
Costa Rica,2002,4.08
Costa Rica,2003,4.14
Costa Rica,2004,4.2
Costa Rica,2005,4.26
Costa Rica,2006,4.32
Costa Rica,2007,4.38
Costa Rica,2008,4.44
Costa Rica,2009,4.5
Costa Rica,2010,4.56
Costa Rica,2011,4.61
Costa Rica,2012,4.66
Costa Rica,2013,4.72
Costa Rica,2014,4.77
Costa Rica,2015,4.82
Croatia,2000,4.47
Croatia,2001,4.3
Croatia,2002,4.3
Croatia,2003,4.3
Croatia,2004,4.3
Croatia,2005,4.31
Croatia,2006,4.31
Croatia,2007,4.31
Croatia,2008,4.31
Croatia,2009,4.31
Croatia,2010,4.3
Croatia,2011,4.28
Croatia,2012,4.26
Croatia,2013,4.23
Croatia,2014,4.2
Croatia,2015,4.15
Cuba,2000,11.11
Cuba,2001,11.14
Cuba,2002,11.18
Cuba,2003,11.21
Cuba,2004,11.24
Cuba,2005,11.26
Cuba,2006,11.28
Cuba,2007,11.29
Cuba,2008,11.29
Cuba,2009,11.29
Cuba,2010,11.3
Cuba,2011,11.3
Cuba,2012,11.3
Cuba,2013,11.3
Cuba,2014,11.29
Cuba,2015,11.28
Cyprus,2000,0.95
Cyprus,2001,0.96
Cyprus,2002,0.98
Cyprus,2003,1.0
Cyprus,2004,1.02
Cyprus,2005,1.04
Cyprus,2006,1.05
Cyprus,2007,1.07
Cyprus,2008,1.09
Cyprus,2009,1.11
Cyprus,2010,1.13
Cyprus,2011,1.15
Cyprus,2012,1.17
Cyprus,2013,1.18
Cyprus,2014,1.2
Cyprus,2015,1.22
Czechia,2000,10.26
Czechia,2001,10.22
Czechia,2002,10.2
Czechia,2003,10.19
Czechia,2004,10.2
Czechia,2005,10.21
Czechia,2006,10.24
Czechia,2007,10.3
Czechia,2008,10.38
Czechia,2009,10.44
Czechia,2010,10.47
Czechia,2011,10.5
Czechia,2012,10.51
Czechia,2013,10.51
Czechia,2014,10.53
Czechia,2015,10.55
Côte d'Ivoire,2000,17.7
Côte d'Ivoire,2001,18.18
Côte d'Ivoire,2002,18.65
Côte d'Ivoire,2003,19.13
Côte d'Ivoire,2004,19.59
Côte d'Ivoire,2005,20.07
Côte d'Ivoire,2006,20.55
Côte d'Ivoire,2007,21.03
Côte d'Ivoire,2008,21.51
Côte d'Ivoire,2009,22.0
Côte d'Ivoire,2010,22.49
Côte d'Ivoire,2011,22.98
Côte d'Ivoire,2012,23.47
Côte d'Ivoire,2013,23.94
Côte d'Ivoire,2014,24.53
Côte d'Ivoire,2015,25.25
Democratic People's Republic of Korea,2000,23.67
Democratic People's Republic of Korea,2001,23.82
Democratic People's Republic of Korea,2002,23.94
Democratic People's Republic of Korea,2003,24.09
Democratic People's Republic of Korea,2004,24.25
Democratic People's Republic of Korea,2005,24.4
Democratic People's Republic of Korea,2006,24.52
Democratic People's Republic of Korea,2007,24.65
Democratic People's Republic of Korea,2008,24.76
Democratic People's Republic of Korea,2009,24.88
Democratic People's Republic of Korea,2010,24.99
Democratic People's Republic of Korea,2011,25.1
Democratic People's Republic of Korea,2012,25.21
Democratic People's Republic of Korea,2013,25.33
Democratic People's Republic of Korea,2014,25.45
Democratic People's Republic of Korea,2015,25.58
Democratic Republic of the Congo,2000,50.51
Democratic Republic of the Congo,2001,52.13
Democratic Republic of the Congo,2002,53.75
Democratic Republic of the Congo,2003,55.34
Democratic Republic of the Congo,2004,57.0
Democratic Republic of the Congo,2005,58.78
Democratic Republic of the Congo,2006,60.62
Democratic Republic of the Congo,2007,62.48
Democratic Republic of the Congo,2008,64.39
Democratic Republic of the Congo,2009,66.41
Democratic Republic of the Congo,2010,68.56
Democratic Republic of the Congo,2011,70.85
Democratic Republic of the Congo,2012,73.25
Democratic Republic of the Congo,2013,75.79
Democratic Republic of the Congo,2014,78.4
Democratic Republic of the Congo,2015,81.04
Denmark,2000,5.34
Denmark,2001,5.36
Denmark,2002,5.38
Denmark,2003,5.39
Denmark,2004,5.4
Denmark,2005,5.42
Denmark,2006,5.44
Denmark,2007,5.46
Denmark,2008,5.49
Denmark,2009,5.52
Denmark,2010,5.55
Denmark,2011,5.57
Denmark,2012,5.59
Denmark,2013,5.61
Denmark,2014,5.64
Denmark,2015,5.68
Djibouti,2000,0.75
Djibouti,2001,0.77
Djibouti,2002,0.8
Djibouti,2003,0.81
Djibouti,2004,0.83
Djibouti,2005,0.84
Djibouti,2006,0.86
Djibouti,2007,0.87
Djibouti,2008,0.89
Djibouti,2009,0.91
Djibouti,2010,0.93
Djibouti,2011,0.95
Djibouti,2012,0.97
Djibouti,2013,0.98
Djibouti,2014,1.0
Djibouti,2015,1.02
Dominican Republic,2000,8.58
Dominican Republic,2001,8.72
Dominican Republic,2002,8.85
Dominican Republic,2003,8.98
Dominican Republic,2004,9.1
Dominican Republic,2005,9.23
Dominican Republic,2006,9.34
Dominican Republic,2007,9.46
Dominican Republic,2008,9.57
Dominican Republic,2009,9.7
Dominican Republic,2010,9.82
Dominican Republic,2011,9.95
Dominican Republic,2012,10.07
Dominican Republic,2013,10.19
Dominican Republic,2014,10.32
Dominican Republic,2015,10.43
Ecuador,2000,12.69
Ecuador,2001,12.91
Ecuador,2002,13.14
Ecuador,2003,13.37
Ecuador,2004,13.61
Ecuador,2005,13.85
Ecuador,2006,14.09
Ecuador,2007,14.33
Ecuador,2008,14.58
Ecuador,2009,14.83
Ecuador,2010,15.08
Ecuador,2011,15.33
Ecuador,2012,15.57
Ecuador,2013,15.81
Ecuador,2014,16.04
Ecuador,2015,16.27
Egypt,2000,73.08
Egypt,2001,74.65
Egypt,2002,76.24
Egypt,2003,77.85
Egypt,2004,79.48
Egypt,2005,81.1
Egypt,2006,82.7
Egypt,2007,84.28
Egypt,2008,85.86
Egypt,2009,87.5
Egypt,2010,89.2
Egypt,2011,91.09
Egypt,2012,93.16
Egypt,2013,95.33
Egypt,2014,97.53
Egypt,2015,99.6
El Salvador,2000,5.94
El Salvador,2001,5.97
El Salvador,2002,5.99
El Salvador,2003,6.0
El Salvador,2004,6.0
El Salvador,2005,6.01
El Salvador,2006,6.0
El Salvador,2007,6.01
El Salvador,2008,6.03
El Salvador,2009,6.05
El Salvador,2010,6.07
El Salvador,2011,6.09
El Salvador,2012,6.11
El Salvador,2013,6.14
El Salvador,2014,6.16
El Salvador,2015,6.18
Equatorial Guinea,2000,0.7
Equatorial Guinea,2001,0.75
Equatorial Guinea,2002,0.8
Equatorial Guinea,2003,0.85
Equatorial Guinea,2004,0.9
Equatorial Guinea,2005,0.95
Equatorial Guinea,2006,0.99
Equatorial Guinea,2007,1.04
Equatorial Guinea,2008,1.08
Equatorial Guinea,2009,1.14
Equatorial Guinea,2010,1.19
Equatorial Guinea,2011,1.24
Equatorial Guinea,2012,1.29
Equatorial Guinea,2013,1.35
Equatorial Guinea,2014,1.4
Equatorial Guinea,2015,1.45
Eritrea,2000,2.25
Eritrea,2001,2.31
Eritrea,2002,2.39
Eritrea,2003,2.49
Eritrea,2004,2.6
Eritrea,2005,2.66
Eritrea,2006,2.7
Eritrea,2007,2.74
Eritrea,2008,2.82
Eritrea,2009,2.89
Eritrea,2010,2.95
Eritrea,2011,3.0
Eritrea,2012,3.04
Eritrea,2013,3.07
Eritrea,2014,3.1
Eritrea,2015,3.11
Estonia,2000,1.4
Estonia,2001,1.39
Estonia,2002,1.38
Estonia,2003,1.37
Estonia,2004,1.36
Estonia,2005,1.35
Estonia,2006,1.35
Estonia,2007,1.34
Estonia,2008,1.34
Estonia,2009,1.33
Estonia,2010,1.33
Estonia,2011,1.33
Estonia,2012,1.32
Estonia,2013,1.32
Estonia,2014,1.31
Estonia,2015,1.32
Ethiopia,2000,67.41
Ethiopia,2001,69.49
Ethiopia,2002,71.64
Ethiopia,2003,73.83
Ethiopia,2004,76.08
Ethiopia,2005,78.37
Ethiopia,2006,80.7
Ethiopia,2007,83.1
Ethiopia,2008,85.54
Ethiopia,2009,88.01
Ethiopia,2010,90.54
Ethiopia,2011,93.15
Ethiopia,2012,95.8
Ethiopia,2013,98.44
Ethiopia,2014,101.12
Ethiopia,2015,103.87
Fiji,2000,0.84
Fiji,2001,0.85
Fiji,2002,0.86
Fiji,2003,0.87
Fiji,2004,0.87
Fiji,2005,0.88
Fiji,2006,0.89
Fiji,2007,0.9
Fiji,2008,0.9
Fiji,2009,0.91
Fiji,2010,0.91
Fiji,2011,0.91
Fiji,2012,0.91
Fiji,2013,0.92
Fiji,2014,0.92
Fiji,2015,0.92
Finland,2000,5.18
Finland,2001,5.19
Finland,2002,5.2
Finland,2003,5.21
Finland,2004,5.23
Finland,2005,5.25
Finland,2006,5.27
Finland,2007,5.29
Finland,2008,5.31
Finland,2009,5.34
Finland,2010,5.36
Finland,2011,5.39
Finland,2012,5.41
Finland,2013,5.44
Finland,2014,5.46
Finland,2015,5.48
France,2000,60.92
France,2001,61.36
France,2002,61.81
France,2003,62.25
France,2004,62.71
France,2005,63.18
France,2006,63.62
France,2007,64.02
France,2008,64.38
France,2009,64.71
France,2010,65.03
France,2011,65.34
France,2012,65.66
France,2013,66.0
France,2014,66.31
France,2015,66.55
Gabon,2000,1.28
Gabon,2001,1.31
Gabon,2002,1.35
Gabon,2003,1.38
Gabon,2004,1.42
Gabon,2005,1.46
Gabon,2006,1.51
Gabon,2007,1.56
Gabon,2008,1.61
Gabon,2009,1.66
Gabon,2010,1.72
Gabon,2011,1.78
Gabon,2012,1.85
Gabon,2013,1.91
Gabon,2014,1.98
Gabon,2015,2.04
Gambia,2000,1.46
Gambia,2001,1.5
Gambia,2002,1.54
Gambia,2003,1.58
Gambia,2004,1.62
Gambia,2005,1.67
Gambia,2006,1.72
Gambia,2007,1.77
Gambia,2008,1.82
Gambia,2009,1.87
Gambia,2010,1.93
Gambia,2011,1.98
Gambia,2012,2.04
Gambia,2013,2.1
Gambia,2014,2.16
Gambia,2015,2.22
Georgia,2000,4.08
Georgia,2001,4.01
Georgia,2002,3.98
Georgia,2003,3.95
Georgia,2004,3.93
Georgia,2005,3.9
Georgia,2006,3.88
Georgia,2007,3.86
Georgia,2008,3.85
Georgia,2009,3.81
Georgia,2010,3.79
Georgia,2011,3.76
Georgia,2012,3.73
Georgia,2013,3.72
Georgia,2014,3.72
Georgia,2015,3.73
Germany,2000,82.21
Germany,2001,82.35
Germany,2002,82.49
Germany,2003,82.53
Germany,2004,82.52
Germany,2005,82.47
Germany,2006,82.38
Germany,2007,82.27
Germany,2008,82.11
Germany,2009,81.9
Germany,2010,81.78
Germany,2011,80.27
Germany,2012,80.43
Germany,2013,80.65
Germany,2014,80.98
Germany,2015,81.69
Ghana,2000,19.64
Ghana,2001,20.17
Ghana,2002,20.73
Ghana,2003,21.3
Ghana,2004,21.87
Ghana,2005,22.45
Ghana,2006,23.04
Ghana,2007,23.64
Ghana,2008,24.25
Ghana,2009,24.86
Ghana,2010,25.47
Ghana,2011,26.1
Ghana,2012,26.73
Ghana,2013,27.39
Ghana,2014,28.04
Ghana,2015,28.7
Greece,2000,10.81
Greece,2001,10.86
Greece,2002,10.9
Greece,2003,10.93
Greece,2004,10.96
Greece,2005,10.99
Greece,2006,11.02
Greece,2007,11.05
Greece,2008,11.08
Greece,2009,11.11
Greece,2010,11.12
Greece,2011,11.1
Greece,2012,11.05
Greece,2013,10.97
Greece,2014,10.89
Greece,2015,10.82
Grenada,2000,0.11
Grenada,2001,0.11
Grenada,2002,0.11
Grenada,2003,0.11
Grenada,2004,0.11
Grenada,2005,0.11
Grenada,2006,0.11
Grenada,2007,0.11
Grenada,2008,0.11
Grenada,2009,0.11
Grenada,2010,0.11
Grenada,2011,0.11
Grenada,2012,0.11
Grenada,2013,0.11
Grenada,2014,0.11
Grenada,2015,0.11
Guatemala,2000,11.7
Guatemala,2001,11.97
Guatemala,2002,12.25
Guatemala,2003,12.53
Guatemala,2004,12.81
Guatemala,2005,13.09
Guatemala,2006,13.37
Guatemala,2007,13.65
Guatemala,2008,13.94
Guatemala,2009,14.22
Guatemala,2010,14.5
Guatemala,2011,14.79
Guatemala,2012,15.09
Guatemala,2013,15.39
Guatemala,2014,15.68
Guatemala,2015,15.97
Guinea,2000,5.54
Guinea,2001,5.73
Guinea,2002,5.92
Guinea,2003,6.12
Guinea,2004,6.33
Guinea,2005,6.54
Guinea,2006,6.75
Guinea,2007,6.96
Guinea,2008,7.18
Guinea,2009,7.41
Guinea,2010,7.63
Guinea,2011,7.86
Guinea,2012,8.08
Guinea,2013,8.3
Guinea,2014,8.52
Guinea,2015,8.74
Guinea-Bissau,2000,1.23
Guinea-Bissau,2001,1.26
Guinea-Bissau,2002,1.29
Guinea-Bissau,2003,1.32
Guinea-Bissau,2004,1.35
Guinea-Bissau,2005,1.38
Guinea-Bissau,2006,1.42
Guinea-Bissau,2007,1.45
Guinea-Bissau,2008,1.49
Guinea-Bissau,2009,1.53
Guinea-Bissau,2010,1.57
Guinea-Bissau,2011,1.61
Guinea-Bissau,2012,1.65
Guinea-Bissau,2013,1.7
Guinea-Bissau,2014,1.74
Guinea-Bissau,2015,1.79
Guyana,2000,0.76
Guyana,2001,0.76
Guyana,2002,0.76
Guyana,2003,0.76
Guyana,2004,0.76
Guyana,2005,0.76
Guyana,2006,0.76
Guyana,2007,0.76
Guyana,2008,0.75
Guyana,2009,0.75
Guyana,2010,0.75
Guyana,2011,0.75
Guyana,2012,0.75
Guyana,2013,0.75
Guyana,2014,0.75
Guyana,2015,0.76
Haiti,2000,8.3
Haiti,2001,8.46
Haiti,2002,8.61
Haiti,2003,8.76
Haiti,2004,8.91
Haiti,2005,9.06
Haiti,2006,9.22
Haiti,2007,9.37
Haiti,2008,9.53
Haiti,2009,9.69
Haiti,2010,9.8
Haiti,2011,9.91
Haiti,2012,10.07
Haiti,2013,10.22
Haiti,2014,10.37
Haiti,2015,10.52
Honduras,2000,6.58
Honduras,2001,6.76
Honduras,2002,6.94
Honduras,2003,7.12
Honduras,2004,7.3
Honduras,2005,7.48
Honduras,2006,7.66
Honduras,2007,7.83
Honduras,2008,8.01
Honduras,2009,8.19
Honduras,2010,8.37
Honduras,2011,8.54
Honduras,2012,8.72
Honduras,2013,8.89
Honduras,2014,9.06
Honduras,2015,9.24
Hungary,2000,10.21
Hungary,2001,10.19
Hungary,2002,10.16
Hungary,2003,10.13
Hungary,2004,10.11
Hungary,2005,10.09
Hungary,2006,10.07
Hungary,2007,10.06
Hungary,2008,10.04
Hungary,2009,10.02
Hungary,2010,10.0
Hungary,2011,9.97
Hungary,2012,9.92
Hungary,2013,9.87
Hungary,2014,9.83
Hungary,2015,9.8
Iceland,2000,0.28
Iceland,2001,0.28
Iceland,2002,0.29
Iceland,2003,0.29
Iceland,2004,0.29
Iceland,2005,0.3
Iceland,2006,0.3
Iceland,2007,0.31
Iceland,2008,0.32
Iceland,2009,0.32
Iceland,2010,0.32
Iceland,2011,0.32
Iceland,2012,0.32
Iceland,2013,0.32
Iceland,2014,0.33
Iceland,2015,0.33
Indonesia,2000,216.08
Indonesia,2001,219.1
Indonesia,2002,222.09
Indonesia,2003,225.05
Indonesia,2004,227.93
Indonesia,2005,230.87
Indonesia,2006,233.95
Indonesia,2007,237.06
Indonesia,2008,240.16
Indonesia,2009,243.22
Indonesia,2010,246.31
Indonesia,2011,249.47
Indonesia,2012,252.7
Indonesia,2013,255.85
Indonesia,2014,258.88
Indonesia,2015,261.8
Iran (Islamic Republic of),2000,66.42
Iran (Islamic Republic of),2001,67.45
Iran (Islamic Republic of),2002,68.01
Iran (Islamic Republic of),2003,68.77
Iran (Islamic Republic of),2004,70.26
Iran (Islamic Republic of),2005,71.83
Iran (Islamic Republic of),2006,73.39
Iran (Islamic Republic of),2007,74.6
Iran (Islamic Republic of),2008,75.51
Iran (Islamic Republic of),2009,76.46
Iran (Islamic Republic of),2010,77.42
Iran (Islamic Republic of),2011,78.38
Iran (Islamic Republic of),2012,79.37
Iran (Islamic Republic of),2013,80.41
Iran (Islamic Republic of),2014,81.5
Iran (Islamic Republic of),2015,82.62
Iraq,2000,24.42
Iraq,2001,25.2
Iraq,2002,26.01
Iraq,2003,26.8
Iraq,2004,27.58
Iraq,2005,28.41
Iraq,2006,28.62
Iraq,2007,28.39
Iraq,2008,28.97
Iraq,2009,30.06
Iraq,2010,31.05
Iraq,2011,32.16
Iraq,2012,33.65
Iraq,2013,35.28
Iraq,2014,36.55
Iraq,2015,37.56
Ireland,2000,58.89
Ireland,2001,59.12
Ireland,2002,59.37
Ireland,2003,59.65
Ireland,2004,59.99
Ireland,2005,60.4
Ireland,2006,60.85
Ireland,2007,61.32
Ireland,2008,61.81
Ireland,2009,62.28
Ireland,2010,62.77
Ireland,2011,63.26
Ireland,2012,63.71
Ireland,2013,64.14
Ireland,2014,64.62
Ireland,2015,65.09
Israel,2000,6.29
Israel,2001,6.44
Israel,2002,6.57
Israel,2003,6.69
Israel,2004,6.81
Israel,2005,6.93
Israel,2006,7.05
Israel,2007,7.18
Israel,2008,7.31
Israel,2009,7.49
Israel,2010,7.62
Israel,2011,7.77
Israel,2012,7.91
Israel,2013,8.06
Israel,2014,8.22
Israel,2015,8.38
Italy,2000,56.94
Italy,2001,56.98
Italy,2002,57.09
Italy,2003,57.4
Italy,2004,57.83
Italy,2005,58.17
Italy,2006,58.4
Italy,2007,58.76
Italy,2008,59.21
Italy,2009,59.56
Italy,2010,59.82
Italy,2011,60.03
Italy,2012,60.19
Italy,2013,60.31
Italy,2014,60.32
Italy,2015,60.23
Jamaica,2000,2.61
Jamaica,2001,2.62
Jamaica,2002,2.64
Jamaica,2003,2.66
Jamaica,2004,2.67
Jamaica,2005,2.69
Jamaica,2006,2.7
Jamaica,2007,2.71
Jamaica,2008,2.73
Jamaica,2009,2.74
Jamaica,2010,2.75
Jamaica,2011,2.76
Jamaica,2012,2.77
Jamaica,2013,2.78
Jamaica,2014,2.79
Jamaica,2015,2.8
Japan,2000,126.84
Japan,2001,127.15
Japan,2002,127.44
Japan,2003,127.72
Japan,2004,127.76
Japan,2005,127.77
Japan,2006,127.85
Japan,2007,128.0
Japan,2008,128.06
Japan,2009,128.05
Japan,2010,128.07
Japan,2011,127.83
Japan,2012,127.63
Japan,2013,127.44
Japan,2014,127.28
Japan,2015,127.14
Jordan,2000,5.39
Jordan,2001,5.5
Jordan,2002,5.62
Jordan,2003,5.74
Jordan,2004,5.88
Jordan,2005,6.03
Jordan,2006,6.43
Jordan,2007,6.83
Jordan,2008,6.99
Jordan,2009,7.14
Jordan,2010,7.3
Jordan,2011,7.48
Jordan,2012,7.59
Jordan,2013,7.99
Jordan,2014,8.79
Jordan,2015,9.54
Kazakhstan,2000,15.5
Kazakhstan,2001,15.58
Kazakhstan,2002,15.66
Kazakhstan,2003,15.75
Kazakhstan,2004,15.85
Kazakhstan,2005,15.97
Kazakhstan,2006,16.1
Kazakhstan,2007,16.26
Kazakhstan,2008,16.43
Kazakhstan,2009,16.62
Kazakhstan,2010,16.84
Kazakhstan,2011,17.07
Kazakhstan,2012,17.31
Kazakhstan,2013,17.56
Kazakhstan,2014,17.82
Kazakhstan,2015,18.08
Kenya,2000,30.64
Kenya,2001,31.62
Kenya,2002,32.63
Kenya,2003,33.65
Kenya,2004,34.71
Kenya,2005,35.8
Kenya,2006,36.9
Kenya,2007,38.04
Kenya,2008,39.21
Kenya,2009,40.41
Kenya,2010,41.6
Kenya,2011,42.76
Kenya,2012,43.89
Kenya,2013,44.99
Kenya,2014,46.05
Kenya,2015,47.09
Kiribati,2000,0.09
Kiribati,2001,0.09
Kiribati,2002,0.09
Kiribati,2003,0.09
Kiribati,2004,0.1
Kiribati,2005,0.1
Kiribati,2006,0.1
Kiribati,2007,0.1
Kiribati,2008,0.1
Kiribati,2009,0.11
Kiribati,2010,0.11
Kiribati,2011,0.11
Kiribati,2012,0.11
Kiribati,2013,0.11
Kiribati,2014,0.12
Kiribati,2015,0.12
Kuwait,2000,1.95
Kuwait,2001,2.01
Kuwait,2002,2.06
Kuwait,2003,2.11
Kuwait,2004,2.16
Kuwait,2005,2.24
Kuwait,2006,2.36
Kuwait,2007,2.51
Kuwait,2008,2.65
Kuwait,2009,2.8
Kuwait,2010,2.94
Kuwait,2011,3.13
Kuwait,2012,3.34
Kuwait,2013,3.51
Kuwait,2014,3.67
Kuwait,2015,3.83
Kyrgyzstan,2000,4.9
Kyrgyzstan,2001,4.95
Kyrgyzstan,2002,4.99
Kyrgyzstan,2003,5.04
Kyrgyzstan,2004,5.1
Kyrgyzstan,2005,5.16
Kyrgyzstan,2006,5.22
Kyrgyzstan,2007,5.27
Kyrgyzstan,2008,5.32
Kyrgyzstan,2009,5.39
Kyrgyzstan,2010,5.47
Kyrgyzstan,2011,5.55
Kyrgyzstan,2012,5.65
Kyrgyzstan,2013,5.78
Kyrgyzstan,2014,5.91
Kyrgyzstan,2015,6.04
Lao People's Democratic Republic,2000,5.43
Lao People's Democratic Republic,2001,5.52
Lao People's Democratic Republic,2002,5.61
Lao People's Democratic Republic,2003,5.7
Lao People's Democratic Republic,2004,5.78
Lao People's Democratic Republic,2005,5.87
Lao People's Democratic Republic,2006,5.96
Lao People's Democratic Republic,2007,6.06
Lao People's Democratic Republic,2008,6.15
Lao People's Democratic Republic,2009,6.24
Lao People's Democratic Republic,2010,6.33
Lao People's Democratic Republic,2011,6.43
Lao People's Democratic Republic,2012,6.52
Lao People's Democratic Republic,2013,6.61
Lao People's Democratic Republic,2014,6.7
Lao People's Democratic Republic,2015,6.8
Latvia,2000,2.37
Latvia,2001,2.34
Latvia,2002,2.31
Latvia,2003,2.29
Latvia,2004,2.26
Latvia,2005,2.24
Latvia,2006,2.22
Latvia,2007,2.2
Latvia,2008,2.18
Latvia,2009,2.14
Latvia,2010,2.1
Latvia,2011,2.06
Latvia,2012,2.03
Latvia,2013,2.01
Latvia,2014,1.99
Latvia,2015,1.98
Lebanon,2000,4.33
Lebanon,2001,4.4
Lebanon,2002,4.46
Lebanon,2003,4.53
Lebanon,2004,4.6
Lebanon,2005,4.67
Lebanon,2006,4.75
Lebanon,2007,4.84
Lebanon,2008,4.93
Lebanon,2009,4.99
Lebanon,2010,5.04
Lebanon,2011,5.1
Lebanon,2012,5.24
Lebanon,2013,5.74
Lebanon,2014,6.35
Lebanon,2015,6.47
Lesotho,2000,2.0
Lesotho,2001,2.0
Lesotho,2002,1.99
Lesotho,2003,1.99
Lesotho,2004,1.97
Lesotho,2005,1.95
Lesotho,2006,1.95
Lesotho,2007,1.95
Lesotho,2008,1.97
Lesotho,2009,1.98
Lesotho,2010,2.0
Lesotho,2011,2.01
Lesotho,2012,2.03
Lesotho,2013,2.06
Lesotho,2014,2.08
Lesotho,2015,2.1
Liberia,2000,2.93
Liberia,2001,3.02
Liberia,2002,3.09
Liberia,2003,3.12
Liberia,2004,3.16
Liberia,2005,3.3
Liberia,2006,3.49
Liberia,2007,3.67
Liberia,2008,3.82
Liberia,2009,3.94
Liberia,2010,4.06
Liberia,2011,4.22
Liberia,2012,4.37
Liberia,2013,4.47
Liberia,2014,4.56
Liberia,2015,4.66
Libya,2000,5.31
Libya,2001,5.4
Libya,2002,5.51
Libya,2003,5.62
Libya,2004,5.74
Libya,2005,5.86
Libya,2006,5.98
Libya,2007,6.1
Libya,2008,6.24
Libya,2009,6.37
Libya,2010,6.5
Libya,2011,6.34
Libya,2012,6.18
Libya,2013,6.3
Libya,2014,6.43
Libya,2015,6.53
Lithuania,2000,3.5
Lithuania,2001,3.47
Lithuania,2002,3.44
Lithuania,2003,3.42
Lithuania,2004,3.38
Lithuania,2005,3.32
Lithuania,2006,3.27
Lithuania,2007,3.23
Lithuania,2008,3.2
Lithuania,2009,3.16
Lithuania,2010,3.1
Lithuania,2011,3.03
Lithuania,2012,2.99
Lithuania,2013,2.96
Lithuania,2014,2.94
Lithuania,2015,2.91
Luxembourg,2000,0.44
Luxembourg,2001,0.44
Luxembourg,2002,0.45
Luxembourg,2003,0.45
Luxembourg,2004,0.46
Luxembourg,2005,0.47
Luxembourg,2006,0.47
Luxembourg,2007,0.48
Luxembourg,2008,0.49
Luxembourg,2009,0.5
Luxembourg,2010,0.51
Luxembourg,2011,0.52
Luxembourg,2012,0.53
Luxembourg,2013,0.54
Luxembourg,2014,0.56
Luxembourg,2015,0.57
Madagascar,2000,16.52
Madagascar,2001,17.03
Madagascar,2002,17.55
Madagascar,2003,18.07
Madagascar,2004,18.61
Madagascar,2005,19.16
Madagascar,2006,19.73
Madagascar,2007,20.32
Madagascar,2008,20.92
Madagascar,2009,21.55
Madagascar,2010,22.18
Madagascar,2011,22.82
Madagascar,2012,23.46
Madagascar,2013,24.11
Madagascar,2014,24.76
Madagascar,2015,25.43
Malawi,2000,11.32
Malawi,2001,11.59
Malawi,2002,11.88
Malawi,2003,12.18
Malawi,2004,12.5
Malawi,2005,12.84
Malawi,2006,13.2
Malawi,2007,13.58
Malawi,2008,13.98
Malawi,2009,14.4
Malawi,2010,14.83
Malawi,2011,15.27
Malawi,2012,15.71
Malawi,2013,16.16
Malawi,2014,16.62
Malawi,2015,17.09
Malaysia,2000,22.97
Malaysia,2001,23.53
Malaysia,2002,24.1
Malaysia,2003,24.68
Malaysia,2004,25.26
Malaysia,2005,25.84
Malaysia,2006,26.42
Malaysia,2007,27.0
Malaysia,2008,27.57
Malaysia,2009,28.12
Malaysia,2010,28.66
Malaysia,2011,29.16
Malaysia,2012,29.66
Malaysia,2013,30.17
Malaysia,2014,30.7
Malaysia,2015,31.23
Maldives,2000,0.28
Maldives,2001,0.29
Maldives,2002,0.29
Maldives,2003,0.3
Maldives,2004,0.3
Maldives,2005,0.31
Maldives,2006,0.31
Maldives,2007,0.32
Maldives,2008,0.34
Maldives,2009,0.35
Maldives,2010,0.36
Maldives,2011,0.37
Maldives,2012,0.39
Maldives,2013,0.4
Maldives,2014,0.41
Maldives,2015,0.43
Mali,2000,11.56
Mali,2001,11.91
Mali,2002,12.29
Mali,2003,12.68
Mali,2004,13.1
Mali,2005,13.54
Mali,2006,13.99
Mali,2007,14.46
Mali,2008,14.94
Mali,2009,15.44
Mali,2010,15.95
Mali,2011,16.47
Mali,2012,16.96
Mali,2013,17.46
Mali,2014,18.02
Mali,2015,18.59
Malta,2000,0.39
Malta,2001,0.39
Malta,2002,0.4
Malta,2003,0.4
Malta,2004,0.4
Malta,2005,0.4
Malta,2006,0.41
Malta,2007,0.41
Malta,2008,0.41
Malta,2009,0.41
Malta,2010,0.41
Malta,2011,0.42
Malta,2012,0.42
Malta,2013,0.42
Malta,2014,0.43
Malta,2015,0.44
Mauritania,2000,2.61
Mauritania,2001,2.68
Mauritania,2002,2.74
Mauritania,2003,2.8
Mauritania,2004,2.87
Mauritania,2005,2.94
Mauritania,2006,3.01
Mauritania,2007,3.09
Mauritania,2008,3.18
Mauritania,2009,3.28
Mauritania,2010,3.39
Mauritania,2011,3.5
Mauritania,2012,3.62
Mauritania,2013,3.73
Mauritania,2014,3.85
Mauritania,2015,3.97
Mauritius,2000,1.19
Mauritius,2001,1.2
Mauritius,2002,1.2
Mauritius,2003,1.21
Mauritius,2004,1.22
Mauritius,2005,1.23
Mauritius,2006,1.23
Mauritius,2007,1.24
Mauritius,2008,1.24
Mauritius,2009,1.25
Mauritius,2010,1.25
Mauritius,2011,1.25
Mauritius,2012,1.26
Mauritius,2013,1.26
Mauritius,2014,1.26
Mauritius,2015,1.26
Mexico,2000,98.63
Mexico,2001,100.1
Mexico,2002,101.55
Mexico,2003,102.98
Mexico,2004,104.39
Mexico,2005,105.81
Mexico,2006,107.25
Mexico,2007,108.77
Mexico,2008,110.37
Mexico,2009,112.0
Mexico,2010,113.62
Mexico,2011,115.24
Mexico,2012,116.82
Mexico,2013,118.34
Mexico,2014,119.78
Mexico,2015,121.07
Mongolia,2000,2.39
Mongolia,2001,2.42
Mongolia,2002,2.45
Mongolia,2003,2.48
Mongolia,2004,2.51
Mongolia,2005,2.54
Mongolia,2006,2.57
Mongolia,2007,2.6
Mongolia,2008,2.64
Mongolia,2009,2.69
Mongolia,2010,2.74
Mongolia,2011,2.79
Mongolia,2012,2.84
Mongolia,2013,2.9
Mongolia,2014,2.96
Mongolia,2015,3.03
Montenegro,2000,0.6
Montenegro,2001,0.61
Montenegro,2002,0.61
Montenegro,2003,0.61
Montenegro,2004,0.61
Montenegro,2005,0.61
Montenegro,2006,0.62
Montenegro,2007,0.62
Montenegro,2008,0.62
Montenegro,2009,0.62
Montenegro,2010,0.62
Montenegro,2011,0.62
Montenegro,2012,0.62
Montenegro,2013,0.62
Montenegro,2014,0.62
Montenegro,2015,0.62
Morocco,2000,28.42
Morocco,2001,28.81
Morocco,2002,29.2
Morocco,2003,29.57
Morocco,2004,29.95
Morocco,2005,30.36
Morocco,2006,30.77
Morocco,2007,31.19
Morocco,2008,31.61
Morocco,2009,32.03
Morocco,2010,32.47
Morocco,2011,32.91
Morocco,2012,33.36
Morocco,2013,33.79
Morocco,2014,34.2
Morocco,2015,34.61
Mozambique,2000,18.13
Mozambique,2001,18.54
Mozambique,2002,18.96
Mozambique,2003,19.39
Mozambique,2004,19.84
Mozambique,2005,20.3
Mozambique,2006,20.79
Mozambique,2007,21.29
Mozambique,2008,21.82
Mozambique,2009,22.39
Mozambique,2010,23.0
Mozambique,2011,23.65
Mozambique,2012,24.34
Mozambique,2013,25.05
Mozambique,2014,25.79
Mozambique,2015,26.55
Myanmar,2000,45.29
Myanmar,2001,45.77
Myanmar,2002,46.23
Myanmar,2003,46.67
Myanmar,2004,47.07
Myanmar,2005,47.44
Myanmar,2006,47.79
Myanmar,2007,48.13
Myanmar,2008,48.39
Myanmar,2009,48.66
Myanmar,2010,49.02
Myanmar,2011,49.42
Myanmar,2012,49.84
Myanmar,2013,50.26
Myanmar,2014,50.68
Myanmar,2015,51.09
Namibia,2000,1.82
Namibia,2001,1.86
Namibia,2002,1.89
Namibia,2003,1.92
Namibia,2004,1.94
Namibia,2005,1.97
Namibia,2006,1.99
Namibia,2007,2.02
Namibia,2008,2.05
Namibia,2009,2.08
Namibia,2010,2.11
Namibia,2011,2.15
Namibia,2012,2.19
Namibia,2013,2.25
Namibia,2014,2.31
Namibia,2015,2.37
Nepal,2000,24.55
Nepal,2001,24.95
Nepal,2002,25.33
Nepal,2003,25.69
Nepal,2004,26.02
Nepal,2005,26.31
Nepal,2006,26.57
Nepal,2007,26.79
Nepal,2008,26.99
Nepal,2009,27.17
Nepal,2010,27.34
Nepal,2011,27.46
Nepal,2012,27.53
Nepal,2013,27.59
Nepal,2014,27.67
Nepal,2015,27.82
Netherlands,2000,15.93
Netherlands,2001,16.05
Netherlands,2002,16.15
Netherlands,2003,16.23
Netherlands,2004,16.28
Netherlands,2005,16.32
Netherlands,2006,16.35
Netherlands,2007,16.38
Netherlands,2008,16.45
Netherlands,2009,16.53
Netherlands,2010,16.62
Netherlands,2011,16.69
Netherlands,2012,16.75
Netherlands,2013,16.8
Netherlands,2014,16.87
Netherlands,2015,16.94
New Zealand,2000,3.86
New Zealand,2001,3.88
New Zealand,2002,3.95
New Zealand,2003,4.03
New Zealand,2004,4.09
New Zealand,2005,4.13
New Zealand,2006,4.18
New Zealand,2007,4.22
New Zealand,2008,4.26
New Zealand,2009,4.3
New Zealand,2010,4.35
New Zealand,2011,4.38
New Zealand,2012,4.41
New Zealand,2013,4.44
New Zealand,2014,4.52
New Zealand,2015,4.61
Nicaragua,2000,5.02
Nicaragua,2001,5.09
Nicaragua,2002,5.15
Nicaragua,2003,5.21
Nicaragua,2004,5.27
Nicaragua,2005,5.34
Nicaragua,2006,5.42
Nicaragua,2007,5.5
Nicaragua,2008,5.58
Nicaragua,2009,5.66
Nicaragua,2010,5.74
Nicaragua,2011,5.82
Nicaragua,2012,5.9
Nicaragua,2013,5.98
Nicaragua,2014,6.07
Nicaragua,2015,6.15
Niger,2000,126.38
Niger,2001,129.86
Niger,2002,133.47
Niger,2003,137.2
Niger,2004,141.06
Niger,2005,145.02
Niger,2006,149.08
Niger,2007,153.27
Niger,2008,157.6
Niger,2009,162.05
Niger,2010,166.64
Niger,2011,171.38
Niger,2012,176.2
Niger,2013,181.05
Niger,2014,185.9
Niger,2015,190.67
Nigeria,2000,126.38
Nigeria,2001,129.86
Nigeria,2002,133.47
Nigeria,2003,137.2
Nigeria,2004,141.06
Nigeria,2005,145.02
Nigeria,2006,149.08
Nigeria,2007,153.27
Nigeria,2008,157.6
Nigeria,2009,162.05
Nigeria,2010,166.64
Nigeria,2011,171.38
Nigeria,2012,176.2
Nigeria,2013,181.05
Nigeria,2014,185.9
Nigeria,2015,190.67
Norway,2000,4.49
Norway,2001,4.51
Norway,2002,4.54
Norway,2003,4.56
Norway,2004,4.59
Norway,2005,4.62
Norway,2006,4.66
Norway,2007,4.71
Norway,2008,4.77
Norway,2009,4.83
Norway,2010,4.89
Norway,2011,4.95
Norway,2012,5.02
Norway,2013,5.08
Norway,2014,5.14
Norway,2015,5.19
Oman,2000,22.44
Oman,2001,22.13
Oman,2002,21.73
Oman,2003,21.57
Oman,2004,21.45
Oman,2005,21.32
Oman,2006,21.19
Oman,2007,20.88
Oman,2008,20.54
Oman,2009,20.37
Oman,2010,20.25
Oman,2011,20.15
Oman,2012,20.06
Oman,2013,19.98
Oman,2014,19.91
Oman,2015,19.82
Pakistan,2000,154.88
Pakistan,2001,159.27
Pakistan,2002,163.22
Pakistan,2003,167.11
Pakistan,2004,171.29
Pakistan,2005,175.45
Pakistan,2006,179.68
Pakistan,2007,184.49
Pakistan,2008,189.5
Pakistan,2009,194.38
Pakistan,2010,199.24
Pakistan,2011,203.75
Pakistan,2012,207.67
Pakistan,2013,211.07
Pakistan,2014,214.26
Pakistan,2015,217.29
Panama,2000,3.01
Panama,2001,3.07
Panama,2002,3.13
Panama,2003,3.19
Panama,2004,3.25
Panama,2005,3.31
Panama,2006,3.38
Panama,2007,3.44
Panama,2008,3.5
Panama,2009,3.56
Panama,2010,3.63
Panama,2011,3.69
Panama,2012,3.76
Panama,2013,3.83
Panama,2014,3.89
Panama,2015,3.96
Papua New Guinea,2000,5.54
Papua New Guinea,2001,5.73
Papua New Guinea,2002,5.92
Papua New Guinea,2003,6.12
Papua New Guinea,2004,6.33
Papua New Guinea,2005,6.54
Papua New Guinea,2006,6.75
Papua New Guinea,2007,6.96
Papua New Guinea,2008,7.18
Papua New Guinea,2009,7.41
Papua New Guinea,2010,7.63
Papua New Guinea,2011,7.86
Papua New Guinea,2012,8.08
Papua New Guinea,2013,8.3
Papua New Guinea,2014,8.52
Papua New Guinea,2015,8.74
Paraguay,2000,5.1
Paraguay,2001,5.19
Paraguay,2002,5.26
Paraguay,2003,5.33
Paraguay,2004,5.39
Paraguay,2005,5.45
Paraguay,2006,5.51
Paraguay,2007,5.56
Paraguay,2008,5.61
Paraguay,2009,5.67
Paraguay,2010,5.74
Paraguay,2011,5.81
Paraguay,2012,5.9
Paraguay,2013,5.98
Paraguay,2014,6.07
Paraguay,2015,6.16
Peru,2000,26.6
Peru,2001,26.96
Peru,2002,27.29
Peru,2003,27.58
Peru,2004,27.85
Peru,2005,28.1
Peru,2006,28.32
Peru,2007,28.53
Peru,2008,28.72
Peru,2009,28.9
Peru,2010,29.09
Peru,2011,29.3
Peru,2012,29.55
Peru,2013,29.82
Peru,2014,30.12
Peru,2015,30.46
Philippines,2000,79.63
Philippines,2001,81.4
Philippines,2002,83.07
Philippines,2003,84.73
Philippines,2004,86.39
Philippines,2005,88.02
Philippines,2006,89.51
Philippines,2007,91.08
Philippines,2008,92.7
Philippines,2009,94.38
Philippines,2010,96.34
Philippines,2011,98.25
Philippines,2012,100.18
Philippines,2013,102.08
Philippines,2014,103.77
Philippines,2015,105.31
Poland,2000,38.26
Poland,2001,38.25
Poland,2002,38.23
Poland,2003,38.2
Poland,2004,38.18
Poland,2005,38.17
Poland,2006,38.14
Poland,2007,38.12
Poland,2008,38.13
Poland,2009,38.15
Poland,2010,38.04
Poland,2011,38.06
Poland,2012,38.06
Poland,2013,38.04
Poland,2014,38.01
Poland,2015,37.99
Portugal,2000,10.29
Portugal,2001,10.36
Portugal,2002,10.42
Portugal,2003,10.46
Portugal,2004,10.48
Portugal,2005,10.5
Portugal,2006,10.52
Portugal,2007,10.54
Portugal,2008,10.56
Portugal,2009,10.57
Portugal,2010,10.57
Portugal,2011,10.56
Portugal,2012,10.51
Portugal,2013,10.46
Portugal,2014,10.4
Portugal,2015,10.36
Qatar,2000,0.64
Qatar,2001,0.68
Qatar,2002,0.71
Qatar,2003,0.74
Qatar,2004,0.77
Qatar,2005,0.83
Qatar,2006,0.97
Qatar,2007,1.21
Qatar,2008,1.43
Qatar,2009,1.61
Qatar,2010,1.62
Qatar,2011,1.62
Qatar,2012,1.72
Qatar,2013,1.92
Qatar,2014,2.15
Qatar,2015,2.34
Republic of Korea,2000,47.01
Republic of Korea,2001,47.37
Republic of Korea,2002,47.64
Republic of Korea,2003,47.89
Republic of Korea,2004,48.08
Republic of Korea,2005,48.18
Republic of Korea,2006,48.44
Republic of Korea,2007,48.68
Republic of Korea,2008,49.05
Republic of Korea,2009,49.31
Republic of Korea,2010,49.55
Republic of Korea,2011,49.94
Republic of Korea,2012,50.2
Republic of Korea,2013,50.43
Republic of Korea,2014,50.75
Republic of Korea,2015,51.01
Republic of Moldova,2000,2.92
Republic of Moldova,2001,2.92
Republic of Moldova,2002,2.91
Republic of Moldova,2003,2.9
Republic of Moldova,2004,2.9
Republic of Moldova,2005,2.89
Republic of Moldova,2006,2.88
Republic of Moldova,2007,2.87
Republic of Moldova,2008,2.87
Republic of Moldova,2009,2.87
Republic of Moldova,2010,2.86
Republic of Moldova,2011,2.86
Republic of Moldova,2012,2.86
Republic of Moldova,2013,2.86
Republic of Moldova,2014,2.86
Republic of Moldova,2015,2.84
Romania,2000,22.44
Romania,2001,22.13
Romania,2002,21.73
Romania,2003,21.57
Romania,2004,21.45
Romania,2005,21.32
Romania,2006,21.19
Romania,2007,20.88
Romania,2008,20.54
Romania,2009,20.37
Romania,2010,20.25
Romania,2011,20.15
Romania,2012,20.06
Romania,2013,19.98
Romania,2014,19.91
Romania,2015,19.82
Russian Federation,2000,146.6
Russian Federation,2001,145.98
Russian Federation,2002,145.31
Russian Federation,2003,144.65
Russian Federation,2004,144.07
Russian Federation,2005,143.52
Russian Federation,2006,143.05
Russian Federation,2007,142.81
Russian Federation,2008,142.74
Russian Federation,2009,142.79
Russian Federation,2010,142.85
Russian Federation,2011,143.02
Russian Federation,2012,143.38
Russian Federation,2013,143.81
Russian Federation,2014,144.24
Russian Federation,2015,144.64
Rwanda,2000,8.21
Rwanda,2001,8.29
Rwanda,2002,8.4
Rwanda,2003,8.59
Rwanda,2004,8.82
Rwanda,2005,9.05
Rwanda,2006,9.3
Rwanda,2007,9.55
Rwanda,2008,9.8
Rwanda,2009,10.06
Rwanda,2010,10.32
Rwanda,2011,10.57
Rwanda,2012,10.83
Rwanda,2013,11.09
Rwanda,2014,11.36
Rwanda,2015,11.64
Saint Lucia,2000,0.16
Saint Lucia,2001,0.16
Saint Lucia,2002,0.16
Saint Lucia,2003,0.16
Saint Lucia,2004,0.16
Saint Lucia,2005,0.17
Saint Lucia,2006,0.17
Saint Lucia,2007,0.17
Saint Lucia,2008,0.17
Saint Lucia,2009,0.17
Saint Lucia,2010,0.17
Saint Lucia,2011,0.17
Saint Lucia,2012,0.17
Saint Lucia,2013,0.17
Saint Lucia,2014,0.17
Saint Lucia,2015,0.17
Saint Vincent and the Grenadines,2000,0.11
Saint Vincent and the Grenadines,2001,0.11
Saint Vincent and the Grenadines,2002,0.11
Saint Vincent and the Grenadines,2003,0.11
Saint Vincent and the Grenadines,2004,0.11
Saint Vincent and the Grenadines,2005,0.11
Saint Vincent and the Grenadines,2006,0.11
Saint Vincent and the Grenadines,2007,0.11
Saint Vincent and the Grenadines,2008,0.11
Saint Vincent and the Grenadines,2009,0.11
Saint Vincent and the Grenadines,2010,0.11
Saint Vincent and the Grenadines,2011,0.11
Saint Vincent and the Grenadines,2012,0.11
Saint Vincent and the Grenadines,2013,0.11
Saint Vincent and the Grenadines,2014,0.11
Saint Vincent and the Grenadines,2015,0.11
Samoa,2000,0.06
Samoa,2001,0.06
Samoa,2002,0.06
Samoa,2003,0.06
Samoa,2004,0.06
Samoa,2005,0.06
Samoa,2006,0.06
Samoa,2007,0.06
Samoa,2008,0.06
Samoa,2009,0.06
Samoa,2010,0.06
Samoa,2011,0.05
Samoa,2012,0.05
Samoa,2013,0.05
Samoa,2014,0.05
Samoa,2015,0.05
Sao Tome and Principe,2000,0.14
Sao Tome and Principe,2001,0.15
Sao Tome and Principe,2002,0.15
Sao Tome and Principe,2003,0.15
Sao Tome and Principe,2004,0.16
Sao Tome and Principe,2005,0.16
Sao Tome and Principe,2006,0.17
Sao Tome and Principe,2007,0.17
Sao Tome and Principe,2008,0.17
Sao Tome and Principe,2009,0.18
Sao Tome and Principe,2010,0.18
Sao Tome and Principe,2011,0.19
Sao Tome and Principe,2012,0.19
Sao Tome and Principe,2013,0.19
Sao Tome and Principe,2014,0.2
Sao Tome and Principe,2015,0.2
Saudi Arabia,2000,16.18
Saudi Arabia,2001,17.04
Saudi Arabia,2002,17.91
Saudi Arabia,2003,18.79
Saudi Arabia,2004,19.67
Saudi Arabia,2005,20.56
Saudi Arabia,2006,21.46
Saudi Arabia,2007,22.37
Saudi Arabia,2008,23.29
Saudi Arabia,2009,24.22
Saudi Arabia,2010,23.98
Saudi Arabia,2011,25.09
Saudi Arabia,2012,26.17
Saudi Arabia,2013,27.62
Saudi Arabia,2014,28.31
Saudi Arabia,2015,29.82
Senegal,2000,9.97
Senegal,2001,10.21
Senegal,2002,10.47
Senegal,2003,10.72
Senegal,2004,10.98
Senegal,2005,11.24
Senegal,2006,11.5
Senegal,2007,11.77
Senegal,2008,12.05
Senegal,2009,12.34
Senegal,2010,12.64
Senegal,2011,12.96
Senegal,2012,13.31
Senegal,2013,13.71
Senegal,2014,14.15
Senegal,2015,14.59
Serbia,2000,7.52
Serbia,2001,7.5
Serbia,2002,7.5
Serbia,2003,7.48
Serbia,2004,7.46
Serbia,2005,7.44
Serbia,2006,7.41
Serbia,2007,7.38
Serbia,2008,7.35
Serbia,2009,7.32
Serbia,2010,7.29
Serbia,2011,7.24
Serbia,2012,7.2
Serbia,2013,7.17
Serbia,2014,7.13
Serbia,2015,7.1
Seychelles,2000,0.08
Seychelles,2001,0.08
Seychelles,2002,0.08
Seychelles,2003,0.08
Seychelles,2004,0.08
Seychelles,2005,0.08
Seychelles,2006,0.08
Seychelles,2007,0.09
Seychelles,2008,0.09
Seychelles,2009,0.09
Seychelles,2010,0.09
Seychelles,2011,0.09
Seychelles,2012,0.09
Seychelles,2013,0.09
Seychelles,2014,0.09
Seychelles,2015,0.09
Sierra Leone,2000,4.42
Sierra Leone,2001,4.69
Sierra Leone,2002,4.97
Sierra Leone,2003,5.18
Sierra Leone,2004,5.36
Sierra Leone,2005,5.5
Sierra Leone,2006,5.62
Sierra Leone,2007,5.75
Sierra Leone,2008,5.89
Sierra Leone,2009,6.06
Sierra Leone,2010,6.22
Sierra Leone,2011,6.39
Sierra Leone,2012,6.55
Sierra Leone,2013,6.71
Sierra Leone,2014,6.88
Sierra Leone,2015,7.04
Singapore,2000,4.03
Singapore,2001,4.14
Singapore,2002,4.18
Singapore,2003,4.11
Singapore,2004,4.17
Singapore,2005,4.27
Singapore,2006,4.4
Singapore,2007,4.59
Singapore,2008,4.84
Singapore,2009,4.99
Singapore,2010,5.08
Singapore,2011,5.18
Singapore,2012,5.31
Singapore,2013,5.4
Singapore,2014,5.47
Singapore,2015,5.54
Slovakia,2000,5.39
Slovakia,2001,5.38
Slovakia,2002,5.38
Slovakia,2003,5.37
Slovakia,2004,5.37
Slovakia,2005,5.37
Slovakia,2006,5.37
Slovakia,2007,5.37
Slovakia,2008,5.38
Slovakia,2009,5.39
Slovakia,2010,5.39
Slovakia,2011,5.4
Slovakia,2012,5.41
Slovakia,2013,5.41
Slovakia,2014,5.42
Slovakia,2015,5.42
Slovenia,2000,1.99
Slovenia,2001,1.99
Slovenia,2002,1.99
Slovenia,2003,2.0
Slovenia,2004,2.0
Slovenia,2005,2.0
Slovenia,2006,2.01
Slovenia,2007,2.02
Slovenia,2008,2.02
Slovenia,2009,2.04
Slovenia,2010,2.05
Slovenia,2011,2.05
Slovenia,2012,2.06
Slovenia,2013,2.06
Slovenia,2014,2.06
Slovenia,2015,2.06
Solomon Islands,2000,0.44
Solomon Islands,2001,0.45
Solomon Islands,2002,0.46
Solomon Islands,2003,0.47
Solomon Islands,2004,0.47
Solomon Islands,2005,0.48
Solomon Islands,2006,0.49
Solomon Islands,2007,0.5
Solomon Islands,2008,0.51
Solomon Islands,2009,0.52
Solomon Islands,2010,0.53
Solomon Islands,2011,0.55
Solomon Islands,2012,0.57
Solomon Islands,2013,0.59
Solomon Islands,2014,0.62
Solomon Islands,2015,0.64
Somalia,2000,8.84
Somalia,2001,9.2
Somalia,2002,9.55
Somalia,2003,9.91
Somalia,2004,10.28
Somalia,2005,10.64
Somalia,2006,10.98
Somalia,2007,11.32
Somalia,2008,11.66
Somalia,2009,11.96
Somalia,2010,12.26
Somalia,2011,12.35
Somalia,2012,12.46
Somalia,2013,12.87
Somalia,2014,13.34
Somalia,2015,13.81
South Africa,2000,47.16
South Africa,2001,47.57
South Africa,2002,48.02
South Africa,2003,48.5
South Africa,2004,48.99
South Africa,2005,49.49
South Africa,2006,50.0
South Africa,2007,50.53
South Africa,2008,51.11
South Africa,2009,51.73
South Africa,2010,52.34
South Africa,2011,53.0
South Africa,2012,53.78
South Africa,2013,54.68
South Africa,2014,55.59
South Africa,2015,56.72
South Sudan,2000,6.03
South Sudan,2001,6.31
South Sudan,2002,6.6
South Sudan,2003,6.9
South Sudan,2004,7.23
South Sudan,2005,7.59
South Sudan,2006,7.98
South Sudan,2007,8.39
South Sudan,2008,8.82
South Sudan,2009,9.24
South Sudan,2010,9.75
South Sudan,2011,10.29
South Sudan,2012,10.76
South Sudan,2013,11.17
South Sudan,2014,11.24
South Sudan,2015,11.11
Sri Lanka,2000,19.29
Sri Lanka,2001,19.6
Sri Lanka,2002,19.81
Sri Lanka,2003,19.95
Sri Lanka,2004,20.09
Sri Lanka,2005,20.22
Sri Lanka,2006,20.35
Sri Lanka,2007,20.49
Sri Lanka,2008,20.63
Sri Lanka,2009,20.76
Sri Lanka,2010,20.88
Sri Lanka,2011,21.01
Sri Lanka,2012,21.17
Sri Lanka,2013,20.59
Sri Lanka,2014,20.78
Sri Lanka,2015,20.97
Sudan,2000,6.03
Sudan,2001,6.31
Sudan,2002,6.6
Sudan,2003,6.9
Sudan,2004,7.23
Sudan,2005,7.59
Sudan,2006,7.98
Sudan,2007,8.39
Sudan,2008,8.82
Sudan,2009,9.24
Sudan,2010,9.75
Sudan,2011,10.29
Sudan,2012,10.76
Sudan,2013,11.17
Sudan,2014,11.24
Sudan,2015,11.11
Suriname,2000,0.48
Suriname,2001,0.49
Suriname,2002,0.5
Suriname,2003,0.51
Suriname,2004,0.51
Suriname,2005,0.52
Suriname,2006,0.52
Suriname,2007,0.53
Suriname,2008,0.54
Suriname,2009,0.54
Suriname,2010,0.55
Suriname,2011,0.56
Suriname,2012,0.56
Suriname,2013,0.57
Suriname,2014,0.58
Suriname,2015,0.58
Swaziland,2000,1.04
Swaziland,2001,1.05
Swaziland,2002,1.06
Swaziland,2003,1.07
Swaziland,2004,1.07
Swaziland,2005,1.08
Swaziland,2006,1.08
Swaziland,2007,1.09
Swaziland,2008,1.1
Swaziland,2009,1.11
Swaziland,2010,1.11
Swaziland,2011,1.12
Swaziland,2012,1.12
Swaziland,2013,1.13
Swaziland,2014,1.14
Swaziland,2015,1.14
Sweden,2000,8.87
Sweden,2001,8.9
Sweden,2002,8.92
Sweden,2003,8.96
Sweden,2004,8.99
Sweden,2005,9.03
Sweden,2006,9.08
Sweden,2007,9.15
Sweden,2008,9.22
Sweden,2009,9.3
Sweden,2010,9.38
Sweden,2011,9.45
Sweden,2012,9.52
Sweden,2013,9.6
Sweden,2014,9.7
Sweden,2015,9.8
Switzerland,2000,7.18
Switzerland,2001,7.23
Switzerland,2002,7.28
Switzerland,2003,7.34
Switzerland,2004,7.39
Switzerland,2005,7.44
Switzerland,2006,7.48
Switzerland,2007,7.55
Switzerland,2008,7.65
Switzerland,2009,7.74
Switzerland,2010,7.82
Switzerland,2011,7.91
Switzerland,2012,8.0
Switzerland,2013,8.09
Switzerland,2014,8.19
Switzerland,2015,8.28
Syrian Arab Republic,2000,16.64
Syrian Arab Republic,2001,17.05
Syrian Arab Republic,2002,17.47
Syrian Arab Republic,2003,17.89
Syrian Arab Republic,2004,18.34
Syrian Arab Republic,2005,18.81
Syrian Arab Republic,2006,19.64
Syrian Arab Republic,2007,20.88
Syrian Arab Republic,2008,21.64
Syrian Arab Republic,2009,21.98
Syrian Arab Republic,2010,22.48
Syrian Arab Republic,2011,22.88
Syrian Arab Republic,2012,22.76
Syrian Arab Republic,2013,21.67
Syrian Arab Republic,2014,20.27
Syrian Arab Republic,2015,19.42
Tajikistan,2000,6.28
Tajikistan,2001,6.41
Tajikistan,2002,6.53
Tajikistan,2003,6.66
Tajikistan,2004,6.79
Tajikistan,2005,6.92
Tajikistan,2006,7.06
Tajikistan,2007,7.19
Tajikistan,2008,7.34
Tajikistan,2009,7.49
Tajikistan,2010,7.65
Tajikistan,2011,7.82
Tajikistan,2012,8.01
Tajikistan,2013,8.22
Tajikistan,2014,8.43
Tajikistan,2015,8.64
Thailand,2000,63.01
Thailand,2001,63.65
Thailand,2002,64.27
Thailand,2003,64.87
Thailand,2004,65.45
Thailand,2005,66.02
Thailand,2006,66.57
Thailand,2007,67.1
Thailand,2008,67.62
Thailand,2009,68.12
Thailand,2010,68.58
Thailand,2011,69.01
Thailand,2012,69.44
Thailand,2013,69.85
Thailand,2014,70.22
Thailand,2015,70.54
The former Yugoslav republic of Macedonia,2000,2.03
The former Yugoslav republic of Macedonia,2001,2.03
The former Yugoslav republic of Macedonia,2002,2.02
The former Yugoslav republic of Macedonia,2003,2.02
The former Yugoslav republic of Macedonia,2004,2.02
The former Yugoslav republic of Macedonia,2005,2.01
The former Yugoslav republic of Macedonia,2006,1.99
The former Yugoslav republic of Macedonia,2007,1.98
The former Yugoslav republic of Macedonia,2008,1.97
The former Yugoslav republic of Macedonia,2009,1.96
The former Yugoslav republic of Macedonia,2010,1.95
The former Yugoslav republic of Macedonia,2011,1.94
The former Yugoslav republic of Macedonia,2012,1.93
The former Yugoslav republic of Macedonia,2013,1.92
The former Yugoslav republic of Macedonia,2014,1.92
The former Yugoslav republic of Macedonia,2015,1.91
Timor-Leste,2000,0.75
Timor-Leste,2001,0.81
Timor-Leste,2002,0.88
Timor-Leste,2003,0.92
Timor-Leste,2004,0.93
Timor-Leste,2005,0.95
Timor-Leste,2006,0.98
Timor-Leste,2007,1.0
Timor-Leste,2008,1.03
Timor-Leste,2009,1.06
Timor-Leste,2010,1.08
Timor-Leste,2011,1.11
Timor-Leste,2012,1.13
Timor-Leste,2013,1.16
Timor-Leste,2014,1.18
Timor-Leste,2015,1.21
Togo,2000,5.14
Togo,2001,5.28
Togo,2002,5.41
Togo,2003,5.55
Togo,2004,5.7
Togo,2005,5.84
Togo,2006,6.01
Togo,2007,6.19
Togo,2008,6.37
Togo,2009,6.55
Togo,2010,6.73
Togo,2011,6.92
Togo,2012,7.1
Togo,2013,7.29
Togo,2014,7.47
Togo,2015,7.66
Tonga,2000,0.1
Tonga,2001,0.1
Tonga,2002,0.1
Tonga,2003,0.1
Tonga,2004,0.11
Tonga,2005,0.11
Tonga,2006,0.11
Tonga,2007,0.11
Tonga,2008,0.11
Tonga,2009,0.11
Tonga,2010,0.11
Tonga,2011,0.11
Tonga,2012,0.11
Tonga,2013,0.11
Tonga,2014,0.11
Tonga,2015,0.11
Trinidad and Tobago,2000,1.32
Trinidad and Tobago,2001,1.33
Trinidad and Tobago,2002,1.33
Trinidad and Tobago,2003,1.34
Trinidad and Tobago,2004,1.35
Trinidad and Tobago,2005,1.29
Trinidad and Tobago,2006,1.3
Trinidad and Tobago,2007,1.3
Trinidad and Tobago,2008,1.31
Trinidad and Tobago,2009,1.31
Trinidad and Tobago,2010,1.32
Trinidad and Tobago,2011,1.33
Trinidad and Tobago,2012,1.34
Trinidad and Tobago,2013,1.34
Trinidad and Tobago,2014,1.35
Trinidad and Tobago,2015,1.35
Tunisia,2000,9.76
Tunisia,2001,9.87
Tunisia,2002,9.97
Tunisia,2003,10.07
Tunisia,2004,10.17
Tunisia,2005,10.26
Tunisia,2006,10.35
Tunisia,2007,10.44
Tunisia,2008,10.54
Tunisia,2009,10.65
Tunisia,2010,10.77
Tunisia,2011,10.89
Tunisia,2012,11.01
Tunisia,2013,11.14
Tunisia,2014,11.27
Tunisia,2015,11.4
Turkey,2000,65.43
Turkey,2001,66.25
Turkey,2002,67.05
Turkey,2003,67.83
Turkey,2004,68.59
Turkey,2005,69.33
Turkey,2006,70.05
Turkey,2007,70.16
Turkey,2008,71.05
Turkey,2009,72.04
Turkey,2010,73.14
Turkey,2011,74.22
Turkey,2012,75.18
Turkey,2013,76.15
Turkey,2014,77.18
Turkey,2015,78.22
Turkmenistan,2000,4.58
Turkmenistan,2001,4.68
Turkmenistan,2002,4.77
Turkmenistan,2003,4.86
Turkmenistan,2004,4.96
Turkmenistan,2005,5.05
Turkmenistan,2006,5.15
Turkmenistan,2007,5.24
Turkmenistan,2008,5.35
Turkmenistan,2009,5.45
Turkmenistan,2010,5.56
Turkmenistan,2011,5.68
Turkmenistan,2012,5.81
Turkmenistan,2013,5.94
Turkmenistan,2014,6.08
Turkmenistan,2015,6.22
Uganda,2000,24.0
Uganda,2001,24.75
Uganda,2002,25.53
Uganda,2003,26.35
Uganda,2004,27.15
Uganda,2005,27.96
Uganda,2006,28.79
Uganda,2007,29.65
Uganda,2008,30.54
Uganda,2009,31.45
Uganda,2010,32.39
Uganda,2011,33.35
Uganda,2012,34.34
Uganda,2013,35.34
Uganda,2014,36.4
Uganda,2015,37.53
Ukraine,2000,49.56
Ukraine,2001,49.11
Ukraine,2002,48.68
Ukraine,2003,48.32
Ukraine,2004,47.98
Ukraine,2005,47.59
Ukraine,2006,47.28
Ukraine,2007,47.06
Ukraine,2008,46.82
Ukraine,2009,46.62
Ukraine,2010,46.46
Ukraine,2011,46.31
Ukraine,2012,46.21
Ukraine,2013,46.13
Ukraine,2014,45.97
Ukraine,2015,45.78
United Arab Emirates,2000,3.49
United Arab Emirates,2001,3.72
United Arab Emirates,2002,3.96
United Arab Emirates,2003,4.19
United Arab Emirates,2004,4.43
United Arab Emirates,2005,4.66
United Arab Emirates,2006,5.01
United Arab Emirates,2007,5.62
United Arab Emirates,2008,6.3
United Arab Emirates,2009,6.71
United Arab Emirates,2010,6.87
United Arab Emirates,2011,7.1
United Arab Emirates,2012,7.39
United Arab Emirates,2013,7.69
United Arab Emirates,2014,8.06
United Arab Emirates,2015,8.51
United Kingdom of Great Britain and Northern Ireland,2000,58.89
United Kingdom of Great Britain and Northern Ireland,2001,59.12
United Kingdom of Great Britain and Northern Ireland,2002,59.37
United Kingdom of Great Britain and Northern Ireland,2003,59.65
United Kingdom of Great Britain and Northern Ireland,2004,59.99
United Kingdom of Great Britain and Northern Ireland,2005,60.4
United Kingdom of Great Britain and Northern Ireland,2006,60.85
United Kingdom of Great Britain and Northern Ireland,2007,61.32
United Kingdom of Great Britain and Northern Ireland,2008,61.81
United Kingdom of Great Britain and Northern Ireland,2009,62.28
United Kingdom of Great Britain and Northern Ireland,2010,62.77
United Kingdom of Great Britain and Northern Ireland,2011,63.26
United Kingdom of Great Britain and Northern Ireland,2012,63.71
United Kingdom of Great Britain and Northern Ireland,2013,64.14
United Kingdom of Great Britain and Northern Ireland,2014,64.62
United Kingdom of Great Britain and Northern Ireland,2015,65.09
United Republic of Tanzania,2000,34.26
United Republic of Tanzania,2001,35.2
United Republic of Tanzania,2002,36.12
United Republic of Tanzania,2003,37.09
United Republic of Tanzania,2004,38.11
United Republic of Tanzania,2005,39.18
United Republic of Tanzania,2006,40.29
United Republic of Tanzania,2007,41.44
United Republic of Tanzania,2008,42.57
United Republic of Tanzania,2009,43.63
United Republic of Tanzania,2010,44.76
United Republic of Tanzania,2011,46.03
United Republic of Tanzania,2012,47.37
United Republic of Tanzania,2013,48.82
United Republic of Tanzania,2014,50.35
United Republic of Tanzania,2015,52.02
United States of America,2000,0.11
United States of America,2001,0.11
United States of America,2002,0.11
United States of America,2003,0.11
United States of America,2004,0.11
United States of America,2005,0.11
United States of America,2006,0.11
United States of America,2007,0.11
United States of America,2008,0.11
United States of America,2009,0.11
United States of America,2010,0.11
United States of America,2011,0.11
United States of America,2012,0.11
United States of America,2013,0.11
United States of America,2014,0.11
United States of America,2015,0.11
Uruguay,2000,3.27
Uruguay,2001,3.27
Uruguay,2002,3.28
Uruguay,2003,3.28
Uruguay,2004,3.28
Uruguay,2005,3.29
Uruguay,2006,3.29
Uruguay,2007,3.3
Uruguay,2008,3.3
Uruguay,2009,3.31
Uruguay,2010,3.32
Uruguay,2011,3.33
Uruguay,2012,3.34
Uruguay,2013,3.35
Uruguay,2014,3.36
Uruguay,2015,3.37
Uzbekistan,2000,24.79
Uzbekistan,2001,25.09
Uzbekistan,2002,25.4
Uzbekistan,2003,25.71
Uzbekistan,2004,26.03
Uzbekistan,2005,26.36
Uzbekistan,2006,26.7
Uzbekistan,2007,27.08
Uzbekistan,2008,27.49
Uzbekistan,2009,27.94
Uzbekistan,2010,28.39
Uzbekistan,2011,28.82
Uzbekistan,2012,29.26
Uzbekistan,2013,29.72
Uzbekistan,2014,30.22
Uzbekistan,2015,30.75
Vanuatu,2000,0.19
Vanuatu,2001,0.19
Vanuatu,2002,0.2
Vanuatu,2003,0.2
Vanuatu,2004,0.21
Vanuatu,2005,0.21
Vanuatu,2006,0.22
Vanuatu,2007,0.22
Vanuatu,2008,0.23
Vanuatu,2009,0.23
Vanuatu,2010,0.24
Vanuatu,2011,0.24
Vanuatu,2012,0.25
Vanuatu,2013,0.25
Vanuatu,2014,0.26
Vanuatu,2015,0.27
Venezuela (Bolivarian Republic of),2000,24.53
Venezuela (Bolivarian Republic of),2001,24.98
Venezuela (Bolivarian Republic of),2002,25.44
Venezuela (Bolivarian Republic of),2003,25.89
Venezuela (Bolivarian Republic of),2004,26.34
Venezuela (Bolivarian Republic of),2005,26.79
Venezuela (Bolivarian Republic of),2006,27.22
Venezuela (Bolivarian Republic of),2007,27.65
Venezuela (Bolivarian Republic of),2008,28.05
Venezuela (Bolivarian Republic of),2009,28.44
Venezuela (Bolivarian Republic of),2010,28.81
Venezuela (Bolivarian Republic of),2011,29.19
Venezuela (Bolivarian Republic of),2012,29.55
Venezuela (Bolivarian Republic of),2013,29.91
Venezuela (Bolivarian Republic of),2014,30.25
Venezuela (Bolivarian Republic of),2015,30.57
Viet Nam,2000,77.15
Viet Nam,2001,77.97
Viet Nam,2002,78.77
Viet Nam,2003,79.56
Viet Nam,2004,80.34
Viet Nam,2005,81.09
Viet Nam,2006,82.17
Viet Nam,2007,83.63
Viet Nam,2008,85.18
Viet Nam,2009,86.46
Viet Nam,2010,87.46
Viet Nam,2011,88.47
Viet Nam,2012,89.51
Viet Nam,2013,90.57
Viet Nam,2014,91.68
Viet Nam,2015,92.82
Yemen,2000,19.62
Yemen,2001,20.23
Yemen,2002,20.84
Yemen,2003,21.46
Yemen,2004,22.1
Yemen,2005,22.79
Yemen,2006,23.54
Yemen,2007,24.32
Yemen,2008,25.11
Yemen,2009,25.93
Yemen,2010,26.75
Yemen,2011,27.58
Yemen,2012,28.43
Yemen,2013,29.31
Yemen,2014,30.23
Yemen,2015,31.16
Zambia,2000,10.02
Zambia,2001,10.33
Zambia,2002,10.65
Zambia,2003,10.98
Zambia,2004,11.34
Zambia,2005,11.72
Zambia,2006,12.13
Zambia,2007,12.57
Zambia,2008,13.02
Zambia,2009,13.49
Zambia,2010,13.97
Zambia,2011,14.44
Zambia,2012,14.91
Zambia,2013,15.4
Zambia,2014,15.9
Zambia,2015,16.4
Zimbabwe,2000,11.89
Zimbabwe,2001,11.97
Zimbabwe,2002,12.09
Zimbabwe,2003,12.23
Zimbabwe,2004,12.37
Zimbabwe,2005,12.48
Zimbabwe,2006,12.64
Zimbabwe,2007,12.8
Zimbabwe,2008,12.96
Zimbabwe,2009,13.14
Zimbabwe,2010,13.36
Zimbabwe,2011,13.6
Zimbabwe,2012,13.82
Zimbabwe,2013,14.01
Zimbabwe,2014,14.21
Zimbabwe,2015,14.4
India,2000,1120
India,2001,1130
India,2002,1150
India,2003,1160
India,2004,1180
India,2005,1220
India,2006,1230
India,2007,1250
India,2008,1270
India,2009,1280
India,2010,1290
India,2011,1320
India,2012,1333
India,2013,1350
India,2014,1370
India,2015,1388
Micronesia (Federated States of),2000,0.1123
Micronesia (Federated States of),2001,0.1125
Micronesia (Federated States of),2002,0.1125
Micronesia (Federated States of),2003,0.1123
Micronesia (Federated States of),2004,0.112
Micronesia (Federated States of),2005,0.1115
Micronesia (Federated States of),2006,0.111
Micronesia (Federated States of),2007,0.110
Micronesia (Federated States of),2008,0.109
Micronesia (Federated States of),2009,0.1085
Micronesia (Federated States of),2010,0.108
Micronesia (Federated States of),2011,0.1084
Micronesia (Federated States of),2012,0.1087
Micronesia (Federated States of),2013,0.1088
Micronesia (Federated States of),2014,0.1089
Micronesia (Federated States of),2015,0.109
Spain,2000,41
Spain,2001,41.2
Spain,2002,41.8
Spain,2003,42.5
Spain,2004,43.2
Spain,2005,44
Spain,2006,44.7
Spain,2007,45.5
Spain,2008,46.2
Spain,2009,46.6
Spain,2010,46.8
Spain,2011,47
Spain,2012,47.003
Spain,2013,46.9
Spain,2014,46.73
Spain,2015,46.7